Cislo;Firma;Slozka;ZDROJ_EC;CIL_STRATEGIE;Delta;Stav
1;EC;zaklad;69000;69000;0;OK
105;ES;premie;10000;10000;0;OK
105;ES;vedeni_lidi;10000;10000;0;OK
105;ES;zaklad;67000;67000;0;OK
11;EC;zaklad;67000;67000;0;OK
126;ES;jednatelska_odmena;1000;1000;0;OK
126;ES;os_ohodnoceni;7500;7500;0;OK
126;ES;premie;1000;1000;0;OK
126;ES;zaklad;30000;30000;0;OK
13;ES;zaklad;207380;207380;0;OK
14;EC;os_ohodnoceni;7500;7500;0;OK
14;EC;premie;8000;8000;0;OK
14;EC;vedeni_lidi;8000;8000;0;OK
14;EC;zaklad;61500;61500;0;OK
147;ES;jednatelska_odmena;1000;1000;0;OK
147;ES;os_ohodnoceni;7500;7500;0;OK
147;ES;premie;1000;1000;0;OK
147;ES;zaklad;34000;34000;0;OK
16;ES;os_ohodnoceni;12000;12000;0;OK
16;ES;zaklad;35500;35500;0;OK
2;EC;jednatelska_odmena;0;90800;90800;jen STRATEGIE
21;ES;os_ohodnoceni;7500;7500;0;OK
21;ES;zaklad;48500;48500;0;OK
24;EC;os_ohodnoceni;7500;7500;0;OK
24;EC;zaklad;39200;39200;0;OK
27;ES;zaklad;55000;55000;0;OK
29;ES;os_ohodnoceni;7500;7500;0;OK
29;ES;premie;5000;5000;0;OK
29;ES;vedeni_lidi;5000;5000;0;OK
29;ES;zaklad;60000;60000;0;OK
322;ES;os_ohodnoceni;7500;7500;0;OK
322;ES;zaklad;31000;31000;0;OK
327;ES;jednatelska_odmena;1000;1000;0;OK
327;ES;premie;1000;1000;0;OK
327;ES;zaklad;60900;60900;0;OK
346;ES;jednatelska_odmena;1000;1000;0;OK
346;ES;premie;1000;1000;0;OK
346;ES;zaklad;65500;65500;0;OK
349;ES;zaklad;44000;44000;0;OK
356;ES;os_ohodnoceni;11500;11500;0;OK
356;ES;zaklad;23200;23200;0;OK
361;EC;os_ohodnoceni;40300;40300;0;OK
361;EC;zaklad;20400;20400;0;OK
370;ES;jednatelska_odmena;1000;1000;0;OK
370;ES;premie;1000;1000;0;OK
370;ES;zaklad;65500;65500;0;OK
371;EC;jednatelska_odmena;1000;1000;0;OK
371;EC;premie;1000;1000;0;OK
371;EC;zaklad;60900;60900;0;OK
372;EC;jednatelska_odmena;1000;1000;0;OK
372;EC;premie;1000;1000;0;OK
372;EC;zaklad;60900;60900;0;OK
374;EC;zaklad;9000;9000;0;OK
381;ES;os_ohodnoceni;7500;7500;0;OK
381;ES;zaklad;34500;34500;0;OK
40;EC;os_ohodnoceni;7500;7500;0;OK
40;EC;zaklad;59500;59500;0;OK
41;ES;jednatelska_odmena;0;90800;90800;jen STRATEGIE
42;ES;os_ohodnoceni;25700;25700;0;OK
42;ES;zaklad;14600;14600;0;OK
420;EC;os_ohodnoceni;7500;7500;0;OK
420;EC;zaklad;30500;30500;0;OK
425;EC;zaklad;42700;42700;0;OK
433;ES;os_ohodnoceni;7500;7500;0;OK
433;ES;zaklad;28550;28550;0;OK
435;EC;os_ohodnoceni;7500;7500;0;OK
435;EC;zaklad;40500;40500;0;OK
440;ES;os_ohodnoceni;7500;7500;0;OK
440;ES;zaklad;44000;44000;0;OK
442;ES;os_ohodnoceni;7500;7500;0;OK
442;ES;zaklad;27000;27000;0;OK
45;ES;zaklad;67000;67000;0;OK
456;EC;os_ohodnoceni;7500;7500;0;OK
456;EC;zaklad;37820;37820;0;OK
46;ES;os_ohodnoceni;7500;7500;0;OK
46;ES;zaklad;47300;47300;0;OK
464;ES;jednatelska_odmena;1000;1000;0;OK
464;ES;premie;1000;1000;0;OK
464;ES;zaklad;60900;60900;0;OK
465;EC;individualni;2000;2000;0;OK
465;EC;jednatelska_odmena;1000;1000;0;OK
465;EC;os_ohodnoceni;6500;6500;0;OK
465;EC;premie;1000;1000;0;OK
465;EC;zaklad;41500;41500;0;OK
472;EC;os_ohodnoceni;7500;7500;0;OK
472;EC;zaklad;29200;29200;0;OK
474;ES;os_ohodnoceni;6500;6500;0;OK
474;ES;zaklad;41500;41500;0;OK
475;EC;os_ohodnoceni;10681;10681;0;OK
475;EC;zaklad;22491;22491;0;OK
476;ES;os_ohodnoceni;9500;9500;0;OK
476;ES;zaklad;28000;28000;0;OK
48;ES;os_ohodnoceni;6500;6500;0;OK
48;ES;zaklad;65500;65500;0;OK
483;ES;os_ohodnoceni;7500;7500;0;OK
483;ES;zaklad;24000;24000;0;OK
486;ES;os_ohodnoceni;7500;7500;0;OK
486;ES;zaklad;29000;29000;0;OK
488;ES;os_ohodnoceni;7500;7500;0;OK
488;ES;zaklad;26300;26300;0;OK
489;ES;os_ohodnoceni;7500;7500;0;OK
489;ES;zaklad;24700;24700;0;OK
49;ES;os_ohodnoceni;16300;16300;0;OK
49;ES;zaklad;26700;26700;0;OK
493;ES;os_ohodnoceni;7500;7500;0;OK
493;ES;zaklad;26000;26000;0;OK
494;ES;os_ohodnoceni;7500;7500;0;OK
494;ES;zaklad;28500;28500;0;OK
496;ES;jednatelska_odmena;1000;1000;0;OK
496;ES;os_ohodnoceni;7500;7500;0;OK
496;ES;premie;1000;1000;0;OK
496;ES;zaklad;25000;25000;0;OK
498;ES;os_ohodnoceni;7500;7500;0;OK
498;ES;zaklad;30000;30000;0;OK
50;ES;os_ohodnoceni;6500;6500;0;OK
50;ES;zaklad;33500;33500;0;OK
501;ES;os_ohodnoceni;7500;7500;0;OK
501;ES;zaklad;30000;30000;0;OK
502;ES;os_ohodnoceni;7500;7500;0;OK
502;ES;zaklad;30000;30000;0;OK
515;ES;os_ohodnoceni;6500;6500;0;OK
515;ES;zaklad;32000;32000;0;OK
517;ES;os_ohodnoceni;7500;7500;0;OK
517;ES;zaklad;30000;30000;0;OK
522;ES;jednatelska_odmena;1000;1000;0;OK
522;ES;os_ohodnoceni;7500;7500;0;OK
522;ES;premie;1000;1000;0;OK
522;ES;zaklad;32500;32500;0;OK
525;EC;zaklad;4000;4000;0;OK
532;EC;os_ohodnoceni;7500;7500;0;OK
532;EC;zaklad;32500;32500;0;OK
533;EC;os_ohodnoceni;6500;6500;0;OK
533;EC;zaklad;34500;34500;0;OK
536;EC;os_ohodnoceni;7500;7500;0;OK
536;EC;zaklad;35500;35500;0;OK
6;ES;os_ohodnoceni;6500;6500;0;OK
6;ES;zaklad;68500;68500;0;OK
9001;EC;zaklad;129221;129221;0;OK
9003;EC;zaklad;129221;129221;0;OK
9004;EC;zaklad;129221;129221;0;OK
9005;EC;zaklad;166979;166979;0;OK
9007;EC;zaklad;129221;129221;0;OK
9010;EC;zaklad;129221;129221;0;OK
9017;ES;premie;11000;11000;0;OK
9017;ES;vedeni_lidi;11000;11000;0;OK
9017;ES;zaklad;95000;95000;0;OK
9019;EC;zaklad;129221;129221;0;OK
9029;EC;zaklad;129221;129221;0;OK
9030;ES;zaklad;60000;60000;0;OK
9033;EC;zaklad;129221;129221;0;OK
9035;ES;zaklad;108010;108010;0;OK
9037;EC;zaklad;50000;50000;0;OK
9103;ES;zaklad;90000;90000;0;OK
9104;EC;zaklad;137836;137836;0;OK
